<?xml version="1.0" encoding="UTF-8"?>
<configurationDescriptor version="84">
  <logicalFolder name="root" displayName="root" projectFiles="true" kind="ROOT">
    <logicalFolder name="omni" displayName="omni" projectFiles="true">
  <logicalFolder name="omni" displayName="omni" projectFiles="true">    <itemPath>/source/omni/application.cpp</itemPath>  <itemPath>/source/omni/argparser.cpp</itemPath>  <itemPath>/source/omni/async_timer.cpp</itemPath>  <itemPath>/source/omni/basic_thread.cpp</itemPath>  <itemPath>/source/omni/binary_semaphore.cpp</itemPath>  <itemPath>/source/omni/conditional.cpp</itemPath>  <itemPath>/source/omni/crypto.cpp</itemPath>  <itemPath>/source/omni/date_time.cpp</itemPath>  <itemPath>/source/omni/drop_timer.cpp</itemPath>  <itemPath>/source/omni/endpoint_descriptor.cpp</itemPath>  <itemPath>/source/omni/environment.cpp</itemPath>  <itemPath>/source/omni/externs.cpp</itemPath>  <itemPath>/source/omni/io.cpp</itemPath>  <itemPath>/source/omni/library.cpp</itemPath>  <itemPath>/source/omni/mutex.cpp</itemPath>  <itemPath>/source/omni/omnilib</itemPath>  <itemPath>/source/omni/queue_timer.cpp</itemPath>  <itemPath>/source/omni/runnable.cpp</itemPath>  <itemPath>/source/omni/semaphore.cpp</itemPath>  <itemPath>/source/omni/socket.cpp</itemPath>  <itemPath>/source/omni/stopwatch.cpp</itemPath>  <itemPath>/source/omni/sync_timer.cpp</itemPath>  <itemPath>/source/omni/system.cpp</itemPath>  <itemPath>/source/omni/thread.cpp</itemPath>  <itemPath>/source/omni/threadpool.cpp</itemPath>  <logicalFolder name="omni/omni" displayName="omni/omni" projectFiles="true">    <itemPath>/source/omni/omni.hpp</itemPath>  <itemPath>/source/omni/omni/application</itemPath>  <itemPath>/source/omni/omni/application.hpp</itemPath>  <itemPath>/source/omni/omni/argparser</itemPath>  <itemPath>/source/omni/omni/argparser.hpp</itemPath>  <itemPath>/source/omni/omni/bits</itemPath>  <itemPath>/source/omni/omni/bits.hpp</itemPath>  <itemPath>/source/omni/omni/buffer_types</itemPath>  <itemPath>/source/omni/omni/buffer_types.hpp</itemPath>  <itemPath>/source/omni/omni/chrono/async_timer</itemPath>  <itemPath>/source/omni/omni/chrono/async_timer.hpp</itemPath>  <itemPath>/source/omni/omni/chrono/date_time</itemPath>  <itemPath>/source/omni/omni/chrono/date_time.hpp</itemPath>  <itemPath>/source/omni/omni/chrono/drop_timer</itemPath>  <itemPath>/source/omni/omni/chrono/drop_timer.hpp</itemPath>  <itemPath>/source/omni/omni/chrono/queue_timer</itemPath>  <itemPath>/source/omni/omni/chrono/queue_timer.hpp</itemPath>  <itemPath>/source/omni/omni/chrono/span</itemPath>  <itemPath>/source/omni/omni/chrono/span.hpp</itemPath>  <itemPath>/source/omni/omni/chrono/stopwatch</itemPath>  <itemPath>/source/omni/omni/chrono/stopwatch.hpp</itemPath>  <itemPath>/source/omni/omni/chrono/sync_timer</itemPath>  <itemPath>/source/omni/omni/chrono/sync_timer.hpp</itemPath>  <itemPath>/source/omni/omni/chrono/tick</itemPath>  <itemPath>/source/omni/omni/chrono/tick.hpp</itemPath>  <itemPath>/source/omni/omni/chrono_types</itemPath>  <itemPath>/source/omni/omni/chrono_types.hpp</itemPath>  <itemPath>/source/omni/omni/color_types</itemPath>  <itemPath>/source/omni/omni/color_types.hpp</itemPath>  <itemPath>/source/omni/omni/constants</itemPath>  <itemPath>/source/omni/omni/constants.hpp</itemPath>  <itemPath>/source/omni/omni/consts/cconsts</itemPath>  <itemPath>/source/omni/omni/consts/cconsts.hpp</itemPath>  <itemPath>/source/omni/omni/consts/wconsts</itemPath>  <itemPath>/source/omni/omni/consts/wconsts.hpp</itemPath>  <itemPath>/source/omni/omni/convert</itemPath>  <itemPath>/source/omni/omni/convert.hpp</itemPath>  <itemPath>/source/omni/omni/crypto/md5</itemPath>  <itemPath>/source/omni/omni/crypto/md5.hpp</itemPath>  <itemPath>/source/omni/omni/crypto/sha1</itemPath>  <itemPath>/source/omni/omni/crypto/sha1.hpp</itemPath>  <itemPath>/source/omni/omni/crypto/sha256</itemPath>  <itemPath>/source/omni/omni/crypto/sha256.hpp</itemPath>  <itemPath>/source/omni/omni/crypto_types</itemPath>  <itemPath>/source/omni/omni/crypto_types.hpp</itemPath>  <itemPath>/source/omni/omni/defs/32bit_def.hpp</itemPath>  <itemPath>/source/omni/omni/defs/arch</itemPath>  <itemPath>/source/omni/omni/defs/arch.hpp</itemPath>  <itemPath>/source/omni/omni/defs/cancel_check_def.hpp</itemPath>  <itemPath>/source/omni/omni/defs/class_macros</itemPath>  <itemPath>/source/omni/omni/defs/class_macros.hpp</itemPath>  <itemPath>/source/omni/omni/defs/consts</itemPath>  <itemPath>/source/omni/omni/defs/consts.hpp</itemPath>  <itemPath>/source/omni/omni/defs/crypto_def.hpp</itemPath>  <itemPath>/source/omni/omni/defs/date_def.hpp</itemPath>  <itemPath>/source/omni/omni/defs/debug</itemPath>  <itemPath>/source/omni/omni/defs/debug.hpp</itemPath>  <itemPath>/source/omni/omni/defs/delegate_def.hpp</itemPath>  <itemPath>/source/omni/omni/delegate/0</itemPath>  <itemPath>/source/omni/omni/delegate/0.hpp</itemPath>  <itemPath>/source/omni/omni/delegate/1</itemPath>  <itemPath>/source/omni/omni/delegate/1.hpp</itemPath>  <itemPath>/source/omni/omni/delegate/2</itemPath>  <itemPath>/source/omni/omni/delegate/2.hpp</itemPath>  <itemPath>/source/omni/omni/delegate/3</itemPath>  <itemPath>/source/omni/omni/delegate/3.hpp</itemPath>  <itemPath>/source/omni/omni/delegate/4</itemPath>  <itemPath>/source/omni/omni/delegate/4.hpp</itemPath>  <itemPath>/source/omni/omni/delegate/5</itemPath>  <itemPath>/source/omni/omni/delegate/5.hpp</itemPath>  <itemPath>/source/omni/omni/delegate/6</itemPath>  <itemPath>/source/omni/omni/delegate/6.hpp</itemPath>  <itemPath>/source/omni/omni/delegate/7</itemPath>  <itemPath>/source/omni/omni/delegate/7.hpp</itemPath>  <itemPath>/source/omni/omni/delegate/8</itemPath>  <itemPath>/source/omni/omni/delegate/8.hpp</itemPath>  <itemPath>/source/omni/omni/delegate/9</itemPath>  <itemPath>/source/omni/omni/delegate/9.hpp</itemPath>  <itemPath>/source/omni/omni/delegate/10</itemPath>  <itemPath>/source/omni/omni/delegate/10.hpp</itemPath>  <itemPath>/source/omni/omni/delegate/11</itemPath>  <itemPath>/source/omni/omni/delegate/11.hpp</itemPath>  <itemPath>/source/omni/omni/delegate/12</itemPath>  <itemPath>/source/omni/omni/delegate/12.hpp</itemPath>  <itemPath>/source/omni/omni/delegate/13</itemPath>  <itemPath>/source/omni/omni/delegate/13.hpp</itemPath>  <itemPath>/source/omni/omni/delegate/14</itemPath>  <itemPath>/source/omni/omni/delegate/14.hpp</itemPath>  <itemPath>/source/omni/omni/delegate/15</itemPath>  <itemPath>/source/omni/omni/delegate/15.hpp</itemPath>  <itemPath>/source/omni/omni/delegate/16</itemPath>  <itemPath>/source/omni/omni/delegate/16.hpp</itemPath>  <itemPath>/source/omni/omni/delegates</itemPath>  <itemPath>/source/omni/omni/delegates.hpp</itemPath>  <itemPath>/source/omni/omni/defs/enum_def.hpp</itemPath>  <itemPath>/source/omni/omni/defs/except_def.hpp</itemPath>  <itemPath>/source/omni/omni/defs/file_def.hpp</itemPath>  <itemPath>/source/omni/omni/defs/global</itemPath>  <itemPath>/source/omni/omni/defs/global.hpp</itemPath>  <itemPath>/source/omni/omni/defs/gui_def.hpp</itemPath>  <itemPath>/source/omni/omni/defs/helper</itemPath>  <itemPath>/source/omni/omni/defs/helper.hpp</itemPath>  <itemPath>/source/omni/omni/defs/lite_def.hpp</itemPath>  <itemPath>/source/omni/omni/defs/macro_helper</itemPath>  <itemPath>/source/omni/omni/defs/macro_helper.hpp</itemPath>  <itemPath>/source/omni/omni/defs/math_def.hpp</itemPath>  <itemPath>/source/omni/omni/defs/math_radmap_def.hpp</itemPath>  <itemPath>/source/omni/omni/defs/net_def.hpp</itemPath>  <itemPath>/source/omni/omni/defs/null_def.hpp</itemPath>  <itemPath>/source/omni/omni/defs/omni_ver</itemPath>  <itemPath>/source/omni/omni/defs/omni_ver.hpp</itemPath>  <itemPath>/source/omni/omni/defs/os</itemPath>  <itemPath>/source/omni/omni/defs/os.hpp</itemPath>  <itemPath>/source/omni/omni/defs/safe_def.hpp</itemPath>  <itemPath>/source/omni/omni/defs/stdinc.hpp</itemPath>  <itemPath>/source/omni/omni/defs/thread_def.hpp</itemPath>  <itemPath>/source/omni/omni/defs/tick_def.hpp</itemPath>  <itemPath>/source/omni/omni/defs/timer_def.hpp</itemPath>  <itemPath>/source/omni/omni/defs/win_def.hpp</itemPath>  <itemPath>/source/omni/omni/drawing/color</itemPath>  <itemPath>/source/omni/omni/drawing/color.hpp</itemPath>  <itemPath>/source/omni/omni/drawing/known_colors</itemPath>  <itemPath>/source/omni/omni/drawing/known_colors.hpp</itemPath>  <itemPath>/source/omni/omni/environment</itemPath>  <itemPath>/source/omni/omni/environment.hpp</itemPath>  <itemPath>/source/omni/omni/exception</itemPath>  <itemPath>/source/omni/omni/exception.hpp</itemPath>  <itemPath>/source/omni/omni/generic_ptr</itemPath>  <itemPath>/source/omni/omni/generic_ptr.hpp</itemPath>  <itemPath>/source/omni/omni/geometry/circle</itemPath>  <itemPath>/source/omni/omni/geometry/circle.hpp</itemPath>  <itemPath>/source/omni/omni/geometry/path.hpp</itemPath>  <itemPath>/source/omni/omni/geometry/point2d</itemPath>  <itemPath>/source/omni/omni/geometry/point2d.hpp</itemPath>  <itemPath>/source/omni/omni/geometry/point3d</itemPath>  <itemPath>/source/omni/omni/geometry/point3d.hpp</itemPath>  <itemPath>/source/omni/omni/geometry/quadrilateral</itemPath>  <itemPath>/source/omni/omni/geometry/quadrilateral.hpp</itemPath>  <itemPath>/source/omni/omni/geometry/rectangle</itemPath>  <itemPath>/source/omni/omni/geometry/rectangle.hpp</itemPath>  <itemPath>/source/omni/omni/geometry/size</itemPath>  <itemPath>/source/omni/omni/geometry/size.hpp</itemPath>  <itemPath>/source/omni/omni/geometry/size3d</itemPath>  <itemPath>/source/omni/omni/geometry/size3d.hpp</itemPath>  <itemPath>/source/omni/omni/geometry/triangle</itemPath>  <itemPath>/source/omni/omni/geometry/triangle.hpp</itemPath>  <itemPath>/source/omni/omni/geometry/util</itemPath>  <itemPath>/source/omni/omni/geometry/util.hpp</itemPath>  <itemPath>/source/omni/omni/geometry/vector2</itemPath>  <itemPath>/source/omni/omni/geometry/vector2.hpp</itemPath>  <itemPath>/source/omni/omni/geometry/vector3</itemPath>  <itemPath>/source/omni/omni/geometry/vector3.hpp</itemPath>  <itemPath>/source/omni/omni/geometry_types</itemPath>  <itemPath>/source/omni/omni/geometry_types.hpp</itemPath>  <itemPath>/source/omni/omni/gui/window</itemPath>  <itemPath>/source/omni/omni/gui/window.hpp</itemPath>  <itemPath>/source/omni/omni/gui_types</itemPath>  <itemPath>/source/omni/omni/gui_types.hpp</itemPath>  <itemPath>/source/omni/omni/io.hpp</itemPath>  <itemPath>/source/omni/omni/library</itemPath>  <itemPath>/source/omni/omni/library.hpp</itemPath>  <itemPath>/source/omni/omni/math.hpp</itemPath>  <itemPath>/source/omni/omni/net/client</itemPath>  <itemPath>/source/omni/omni/net/client.hpp</itemPath>  <itemPath>/source/omni/omni/net/endpoint_descriptor</itemPath>  <itemPath>/source/omni/omni/net/endpoint_descriptor.hpp</itemPath>  <itemPath>/source/omni/omni/net/server</itemPath>  <itemPath>/source/omni/omni/net/server.hpp</itemPath>  <itemPath>/source/omni/omni/net/socket</itemPath>  <itemPath>/source/omni/omni/net/socket.hpp</itemPath>  <itemPath>/source/omni/omni/net/util</itemPath>  <itemPath>/source/omni/omni/net/util.hpp</itemPath>  <itemPath>/source/omni/omni/net/version</itemPath>  <itemPath>/source/omni/omni/net/version.hpp</itemPath>  <itemPath>/source/omni/omni/net_types</itemPath>  <itemPath>/source/omni/omni/net_types.hpp</itemPath>  <itemPath>/source/omni/omni/object</itemPath>  <itemPath>/source/omni/omni/object.hpp</itemPath>  <itemPath>/source/omni/omni/ostream</itemPath>  <itemPath>/source/omni/omni/ostream.hpp</itemPath>  <itemPath>/source/omni/omni/property</itemPath>  <itemPath>/source/omni/omni/property.hpp</itemPath>  <itemPath>/source/omni/omni/sequence</itemPath>  <itemPath>/source/omni/omni/sequence.hpp</itemPath>  <itemPath>/source/omni/omni/smart_ptr</itemPath>  <itemPath>/source/omni/omni/smart_ptr.hpp</itemPath>  <itemPath>/source/omni/omni/stack_buffer</itemPath>  <itemPath>/source/omni/omni/stack_buffer.hpp</itemPath>  <itemPath>/source/omni/omni/string/cstring</itemPath>  <itemPath>/source/omni/omni/string/cstring.hpp</itemPath>  <itemPath>/source/omni/omni/string/util</itemPath>  <itemPath>/source/omni/omni/string/util.hpp</itemPath>  <itemPath>/source/omni/omni/string/wstring</itemPath>  <itemPath>/source/omni/omni/string/wstring.hpp</itemPath>  <itemPath>/source/omni/omni/strings</itemPath>  <itemPath>/source/omni/omni/strings.hpp</itemPath>  <itemPath>/source/omni/omni/sync/auto_lock</itemPath>  <itemPath>/source/omni/omni/sync/auto_lock.hpp</itemPath>  <itemPath>/source/omni/omni/sync/basic_lock</itemPath>  <itemPath>/source/omni/omni/sync/basic_lock.hpp</itemPath>  <itemPath>/source/omni/omni/sync/basic_thread</itemPath>  <itemPath>/source/omni/omni/sync/basic_thread.hpp</itemPath>  <itemPath>/source/omni/omni/sync/basic_thread_allocate</itemPath>  <itemPath>/source/omni/omni/sync/basic_thread_allocate.hpp</itemPath>  <itemPath>/source/omni/omni/sync/binary_semaphore</itemPath>  <itemPath>/source/omni/omni/sync/binary_semaphore.hpp</itemPath>  <itemPath>/source/omni/omni/sync/conditional</itemPath>  <itemPath>/source/omni/omni/sync/conditional.hpp</itemPath>  <itemPath>/source/omni/omni/sync/lock</itemPath>  <itemPath>/source/omni/omni/sync/lock.hpp</itemPath>  <itemPath>/source/omni/omni/sync/mutex</itemPath>  <itemPath>/source/omni/omni/sync/mutex.hpp</itemPath>  <itemPath>/source/omni/omni/sync/runnable</itemPath>  <itemPath>/source/omni/omni/sync/runnable.hpp</itemPath>  <itemPath>/source/omni/omni/sync/runnable_thread</itemPath>  <itemPath>/source/omni/omni/sync/runnable_thread.hpp</itemPath>  <itemPath>/source/omni/omni/sync/scoped_lock</itemPath>  <itemPath>/source/omni/omni/sync/scoped_lock.hpp</itemPath>  <itemPath>/source/omni/omni/sync/semaphore</itemPath>  <itemPath>/source/omni/omni/sync/semaphore.hpp</itemPath>  <itemPath>/source/omni/omni/sync/spin</itemPath>  <itemPath>/source/omni/omni/sync/spin.hpp</itemPath>  <itemPath>/source/omni/omni/sync/this_thread</itemPath>  <itemPath>/source/omni/omni/sync/this_thread.hpp</itemPath>  <itemPath>/source/omni/omni/sync/thread</itemPath>  <itemPath>/source/omni/omni/sync/thread.hpp</itemPath>  <itemPath>/source/omni/omni/sync/thread_allocate</itemPath>  <itemPath>/source/omni/omni/sync/thread_allocate.hpp</itemPath>  <itemPath>/source/omni/omni/sync/threadpool</itemPath>  <itemPath>/source/omni/omni/sync/threadpool.hpp</itemPath>  <itemPath>/source/omni/omni/sync_types</itemPath>  <itemPath>/source/omni/omni/sync_types.hpp</itemPath>  <itemPath>/source/omni/omni/system</itemPath>  <itemPath>/source/omni/omni/system.hpp</itemPath>  <itemPath>/source/omni/omni/timer_types</itemPath>  <itemPath>/source/omni/omni/timer_types.hpp</itemPath>  <itemPath>/source/omni/omni/type</itemPath>  <itemPath>/source/omni/omni/type.hpp</itemPath>  <itemPath>/source/omni/omni/types/char_t</itemPath>  <itemPath>/source/omni/omni/types/char_t.hpp</itemPath>  <itemPath>/source/omni/omni/types/crypto_t</itemPath>  <itemPath>/source/omni/omni/types/crypto_t.hpp</itemPath>  <itemPath>/source/omni/omni/types/date_t</itemPath>  <itemPath>/source/omni/omni/types/date_t.hpp</itemPath>  <itemPath>/source/omni/omni/types/enum_t</itemPath>  <itemPath>/source/omni/omni/types/enum_t.hpp</itemPath>  <itemPath>/source/omni/omni/types/fstream_t</itemPath>  <itemPath>/source/omni/omni/types/fstream_t.hpp</itemPath>  <itemPath>/source/omni/omni/types/invoke_t</itemPath>  <itemPath>/source/omni/omni/types/invoke_t.hpp</itemPath>  <itemPath>/source/omni/omni/types/lock_t</itemPath>  <itemPath>/source/omni/omni/types/lock_t.hpp</itemPath>  <itemPath>/source/omni/omni/types/math_t</itemPath>  <itemPath>/source/omni/omni/types/math_t.hpp</itemPath>  <itemPath>/source/omni/omni/types/net_t</itemPath>  <itemPath>/source/omni/omni/types/net_t.hpp</itemPath>  <itemPath>/source/omni/omni/types/ostream_t</itemPath>  <itemPath>/source/omni/omni/types/ostream_t.hpp</itemPath>  <itemPath>/source/omni/omni/types/ptr_t</itemPath>  <itemPath>/source/omni/omni/types/ptr_t.hpp</itemPath>  <itemPath>/source/omni/omni/types/seq_t</itemPath>  <itemPath>/source/omni/omni/types/seq_t.hpp</itemPath>  <itemPath>/source/omni/omni/types/string_t</itemPath>  <itemPath>/source/omni/omni/types/string_t.hpp</itemPath>  <itemPath>/source/omni/omni/types/thread_t</itemPath>  <itemPath>/source/omni/omni/types/thread_t.hpp</itemPath>  <itemPath>/source/omni/omni/types/threadpool_t</itemPath>  <itemPath>/source/omni/omni/types/threadpool_t.hpp</itemPath>  <itemPath>/source/omni/omni/types/tick_t</itemPath>  <itemPath>/source/omni/omni/types/tick_t.hpp</itemPath>  <itemPath>/source/omni/omni/types/timer_t</itemPath>  <itemPath>/source/omni/omni/types/timer_t.hpp</itemPath>  <itemPath>/source/omni/omni/version</itemPath>  <itemPath>/source/omni/omni/version.hpp</itemPath>  <itemPath>/source/omni/omni/xx/const.hxx</itemPath>  <itemPath>/source/omni/omni/xx/exceptions.hxx</itemPath>  <itemPath>/source/omni/omni/xx/ext_const.hxx</itemPath>  <itemPath>/source/omni/omni/xx/string.hxx</itemPath>    </logicalFolder>    </logicalFolder>  
    </logicalFolder>
    <logicalFolder name="TestFiles"
                   displayName="Test Files"
                   projectFiles="false"
                   kind="TEST_LOGICAL_FOLDER">
    </logicalFolder>
    <logicalFolder name="ExternalFiles"
                   displayName="Important Files"
                   projectFiles="false"
                   kind="IMPORTANT_FILES_FOLDER">
      <itemPath>Makefile</itemPath>
    </logicalFolder>
  </logicalFolder>
  <sourceRootList>
    <Elem>/source/omni</Elem>
  </sourceRootList>
  <projectmakefile>Makefile</projectmakefile>
  <confs>
    <conf name="Debug" type="3">
      <toolsSet>
        <remote-sources-mode>LOCAL_SOURCES</remote-sources-mode>
        <compilerSet>default</compilerSet>
        <dependencyChecking>false</dependencyChecking>
      </toolsSet>
      <compileType>
        <cTool>
          <commandlineTool>gcc</commandlineTool>
          <incDir>
            <pElem>/source/omni</pElem>
          </incDir>
        </cTool>
        <ccTool>
          <standard>4</standard>
          <commandlineTool>g++</commandlineTool>
          <incDir>
            <pElem>/source/omni</pElem>
          </incDir>
        </ccTool>
        <asmTool>
          <commandlineTool>as</commandlineTool>
        </asmTool>
        <archiverTool>
        </archiverTool>
      </compileType>
    </conf>
  </confs>
</configurationDescriptor>
