<?xml version="1.0" encoding="UTF-8"?>
<configurationDescriptor version="84">
  <logicalFolder name="root" displayName="root" projectFiles="true" kind="ROOT">
    <logicalFolder name="omni" displayName="omni" projectFiles="true">
  <logicalFolder name="omni" displayName="omni" projectFiles="true">    <logicalFolder name="omni/omni" displayName="omni/omni" projectFiles="true">    </logicalFolder>    </logicalFolder>  
    </logicalFolder>
    <logicalFolder name="TestFiles"
                   displayName="Test Files"
                   projectFiles="false"
                   kind="TEST_LOGICAL_FOLDER">
    </logicalFolder>
    <logicalFolder name="ExternalFiles"
                   displayName="Important Files"
                   projectFiles="false"
                   kind="IMPORTANT_FILES_FOLDER">
      <itemPath>Makefile</itemPath>
    </logicalFolder>
  </logicalFolder>
  <sourceRootList>
    <Elem>/source/omni</Elem>
  </sourceRootList>
  <projectmakefile>Makefile</projectmakefile>
  <confs>
    <conf name="Debug" type="3">
      <toolsSet>
        <remote-sources-mode>LOCAL_SOURCES</remote-sources-mode>
        <compilerSet>default</compilerSet>
        <dependencyChecking>false</dependencyChecking>
      </toolsSet>
      <compileType>
        <cTool>
          <commandlineTool>gcc</commandlineTool>
          <incDir>
            <pElem>/source/omni</pElem>
          </incDir>
        </cTool>
        <ccTool>
          <standard>4</standard>
          <commandlineTool>g++</commandlineTool>
          <incDir>
            <pElem>/source/omni</pElem>
          </incDir>
        </ccTool>
        <asmTool>
          <commandlineTool>as</commandlineTool>
        </asmTool>
        <archiverTool>
        </archiverTool>
      </compileType>
    </conf>
  </confs>
</configurationDescriptor>
